Row,Column,Value
Apis_Library,Schema 1: library,series 4 on master 2026-09-22 (requires firmware patch 2; readings-requested word; one storage path; untested on hardware)
Haar_Library,Schema 1: library,"done on master 2026-09-23 (NW_Core: begin() gates with min patch 1, default address 0x48, chip-group components, N readings with statistics, reading interface, faults, harness with baseline); untested on hardware"
Walrus_Library,Schema 1: library,"done on master 2026-09-23 (NW_Core: begin() gates with min patch 1, chip-group components, N readings with statistics, reading interface, faults, harness with baseline); untested on hardware (#18)"
Libelle_Library,Schema 1: library,MISSING (v2.0.0 planned; Project-Libelle #23)
Liasis_Library,Schema 1: library,N/A until hardware carries an MCU
Margay_Library,Schema 1: library,MISSING (no Page 0 read)
Okapi_Library,Schema 1: library,MISSING (reads Schema 0 SN at EEPROM length-8)
Okapi_Library,Notes,5 library bugs filed 2026-06-02 (#3-#7); snapshot tag waits on hardware test
MCP3421,Notes,camelCase rename on master since 2026-09-20 push; needs [[deprecated]] aliases before v2.0.0 tag
T9602_Library,Notes,tag v1.0.0 (2022) exists while library.properties says 0.0.0
MaxBotix_Library,Notes,uncommitted Serial1 hack in src/ (deferred refactor; issue #4)
TP-Downhole_Library,Notes,legacy; lineage tracked under Walrus
Margay_Library,Notes,depends= should say NW_BME280
Project-Apis,Schema 1: firmware,patch 2 on master 2026-09-22 (on-demand run model per #23; readings-requested word; STATUS-register readiness and busy polling; compiled for ATtiny1634; untested on hardware; sleep bit deferred)
Project-Haar,Schema 1: firmware,"done on master 2026-09-23 (patch 1: Page 0 from EEPROM with CRC; data at 0x28-0x35 in 0.01 units; writable rule, 0x1F persisted; 32-byte page reads; on-demand trigger, chip select, counter, live and latched faults incl. SHT31 checksum and LPS35HW timeout; address 0x42 -> 0x48); untested on hardware"
Project-Walrus,Schema 1: firmware,"Block 0 done on master 2026-09-23 (patch 1: Page 0 from EEPROM with CRC; writable rule, 0x1F persisted; 32-byte page reads; trigger or timer, chip select, counter, live and latched faults; batch word accepted, no effect); untested on hardware (#18)"
Project-Libelle,Schema 1: firmware,MISSING (v0.3 with ATtiny1634 planned; #22)
Project-Liasis,Schema 1: firmware,N/A (no MCU; #2)
Project-Margay,Schema 1: firmware,N/A (controller; Page 0 via NW-Provision)
Project-Okapi,Schema 1: firmware,N/A (controller; Page 0 via NW-Provision)
Project-Apis,Page 0 provisioned + tested,no (NW-Provision writes magic 0x4E as of ca3a64d)
Project-Haar,Page 0 provisioned + tested,no
Project-Walrus,Page 0 provisioned + tested,no (#17 provisioning check; #18 hardware validation)
Project-Libelle,Page 0 provisioned + tested,no
Project-Liasis,Page 0 provisioned + tested,N/A
Project-Margay,Page 0 provisioned + tested,no
Project-Okapi,Page 0 provisioned + tested,no
Project-Margay,KiCad verified vs Eagle,no (KiCad 7 import; BoM fields populated; not netlist-compared)
Project-Okapi,KiCad verified vs Eagle,no (KiCad 10 import; power nets and no-connects fixed; not netlist-compared)
Project-Apis,KiCad verified vs Eagle,N/A (no KiCad import yet)
Project-Haar,KiCad verified vs Eagle,N/A (no KiCad import yet)
Project-Walrus,KiCad verified vs Eagle,N/A (no KiCad import yet)
Project-Libelle,KiCad verified vs Eagle,N/A (no KiCad import yet; #17)
Project-Liasis,KiCad verified vs Eagle,N/A (no KiCad import yet)
Project-Apis,Next action,Bench (needs boards): provision with NW-Provision; flash firmware patch 2; Apis_Library Margay example on a Margay; scope one getRange() (mode-pin finding, #23); then #24 for a board revision
Project-Haar,Next action,Provision Page 0 with NW-Provision; bench-validate firmware patch 1 with Haar_Library on NW_Core (address change 0x42 -> 0x48 breaks old sketches)
Project-Walrus,Next action,#17 provisioning check and #18 bench validation of firmware patch 1 with Walrus_Library on NW_Core
Project-Libelle,Next action,Hardware v0.3 (#20 MCU; #21 fab) gates firmware and library
Project-Liasis,Next action,Decide on adding an MCU (#2)
Project-Margay,Next action,June review fixes in KiCad -> v3 tag; provision Page 0
Project-Okapi,Next action,Parallel thread: decide manufacturing source (KiCad-10 import vs Eagle) -> fix #15-#28 there -> ERC/DRC -> Gerbers -> v1.0 tag -> order
Project-Okapi,Notes,Prototype; current design is untagged Eagle v1.0 updates (2024-11-02) with CAM outputs
Project-Margay,Notes,hardware v3 release in progress
MCP3421,Next action,Add [[deprecated]] PascalCase aliases; LICENSE; doxygen_NW.cfg; docs.yml; NW_MCP3421_Demo; bool begin(); then review and tag v2.0.0
NW_BME280,Next action,Add .zenodo.json; review; tag v3.0.0
DS3231_Logger,Next action,LICENSE; CITATION.cff; .zenodo.json; docs.yml; example; paragraph=; bool begin()
MaxBotix_Library,Next action,TABLED until Haar and Walrus are done (Andy 2026-09-23); design saved (Apis-form surface on NW_Core's common layer; sketch-owned Stream port). Idea to weigh then: an ATtiny on MaxBotix-Helper making it a Schema 1 device like Apis
T9602_Library,Next action,Stale-bits fix + checklist files + Pages docs committed 2026-09-22 (12 commits; unpushed): set version= (last release 1.0.0; proposal 1.1.0); hardware test (bundle refresh is an end-of-overhaul step for all libraries)
Tally_Library,Next action,camelCase rename with aliases; category=; url=; CITATION.cff; .zenodo.json; doxygen_NW.cfg; docs.yml
TP-Downhole_Library,Next action,Legacy: keep buildable; no standardization planned
MS5803,Next action,README; CITATION.cff; .zenodo.json; keywords.txt; doxygen_NW.cfg; docs.yml; paragraph=
DS3231,Next action,CITATION.cff; .zenodo.json; doxygen_NW.cfg; docs.yml (in registry already)
VEML6030,Next action,Bare: library.properties and full checklist if kept
VEML6075,Next action,Bare: library.properties and full checklist if kept
TCA9534,Next action,Bare: library.properties and full checklist if kept
MCP23018,Next action,Rewritten 2026-09-23 (src/ layout; pinMode/digitalWrite/digitalRead/setInterrupt; MCP23018::Port; four fixes; harness on NW_Core stubs; unpushed): LICENSE check; CITATION/.zenodo; docs.yml + _docs + doxybook; still under NorthernWidget-Skunkworks
MCP4725,Next action,Bare: library.properties and full checklist if kept
Project-Tally,Schema 1: firmware,MISSING (fw 0.2.0 2019: 5-byte map; command bits at 0x00; address 0x33 hard-coded)
Project-Tally,Page 0 provisioned + tested,no
Project-Tally,KiCad verified vs Eagle,N/A (no KiCad import yet)
Project-Tally,Next action,Add spec appendix (latch trigger; monotonic uint32 event count; address 'T' 0x54); confirm MCU; NW-Provision + NW-Registry entries; snapshot issue row
Project-Tally,Notes,Absent from spec / provisioning / registry / snapshot issue until 2026-09-20; library I2C support only on Dev_I2C branch (7 commits unmerged)
Margay_Library,Next action,Tracking list Margay_Library #32: (1) BME.h -> NW_BME280.h + depends= [build break]; (2) Page 0 read (serial moves to Block 2) + spec fix; (3) sketch addresses; (4) #27/#31; (5) #7 faults
Okapi_Library,Next action,Compiles again (2026-09-23, MCP23018::Port::B); bugs #3-#7 next; the deferred partial-update review; Note column as in Margay
NW_Core,Next action,"Apis, Walrus, Haar all on Core with the triad and N-with-statistics (item 6 decided 2026-09-23); next: Libelle / T9602 / Tally onto Core (firmware Block 0 first where missing); unversioned until the overhaul ends"
NW_Core,Notes,Created 2026-09-23 from Apis series 4 per LIBRARY-DESIGN section 11; shared harness stubs live in extras/test
